{
  "eye": {
    "orientation": [
      -0.2331097424030304,
      0,
      0,
      0.9724504947662354
    ],
    "magnitude": 1,
    "position": [
      0,
      201.03167724609375,
      395.2199401855469
    ]
  },
  "radius": 256,
  "type": "ORTHOGRAPHIC"
}